address,category,cost,delivery,direction,history,mainDish,menu,offDay,openTime,parking,reservation,scoreByFoodie,scoreByTaste,surtax,tel,title,url
서울특별시 중구 명동 1가 10-4,서울특별시중구|한식|탕반/찌개,1만원 내외,없음,을지로입구역 5번 출구 외환은핸 본점 뒤,"하동관 - 서울을 대표하는 80여 년 전통의 곰탕 전문점.
 
 1939년 서울 북촌의 양반촌과 궁중음식에 해박한 류창희 할머니의 손맛에서부터 시작해 북촌 반갓집의 기품과 격식이 그대로 배어 있다. 놋그릇에 담긴 맑은 국물의 은은하게 감치는 부드럽고 깊은 맛은 숱한 세월에도 변함이 없다. 고 박정희 대통령은 초도순시를 나갈 때마다 점심으로 배달시켰고 헬기로 제주도까지 하동관 곰탕을 공수해가는 열성 고객이었으며, 고 이병철 회장을 포함 정 재계 유명 인사들 대부분이 하동관을 거쳐간 단골 고객일 정도로 유서 깊은 집이다. 곰탕은 잡뼈를 넣지 않고 오로지 양지와 사태살만 사용해 국물이 맑고 담백하다.
 
 류창희 할머니에서 홍창록 할머니, 1968년부터 지금의 김희영 할머니로 서울의 북촌 할머니 3대를 거치고, 50년 넘게 국솥을 지킨 김 할머니의 세월만큼이나 더 이상 바랄 것 없는 완성도의 맛이 바로 하동관의 맛이다. 하동관의 맛을 지키기 위해 60년이 넘도록 대를 이어 하동관에 소고기를 납품하는 팔판동의 토박이 정육점은 전국의 우시장을 돌며 최고의 암소만을 선별하기로 유명하며, 평범한 무 하나도 반드시 제주산만 사용한다. 이런 변할 수 없는 고집과 한 번도 음식을 남기지 않고 정해진 양만 판매하고 문을 닫는 70여 년 가까운 신뢰 덕분에 예나 지금이나 변함없는 열성 단골들로 붐비고 있다.
 
[  을지로입구 5번 출구 외환은행 본점 뒤 ]도로명 주소 : 서울 중구 명동9길 12",곰탕,"곰탕  (1만3천원), 특곰탕  (1만5천원), 20공곰탕 (2만원), 수육 300g  (3만원~5만원)",매주 일요일· 명절 휴무,07:00~16:30,주차불가,가능,에피큐어평점 [AA],오감평점 [5점],,02-776-5656,하동관 (河東館),http://www.hadongkwan.com/
서울특별시 성북구 성북동 131-85,서울특별시성북구|일식|돈가스,1만원 내외,없음,혜화동 경신고와 서울과학고 사이 언덕길로 직진,"서울왕돈까스 - 추억의 옛날식 돈가스. 
 
 얼굴만 한 크기의 왕돈가스로 유명해진 집이며, 수프와 풋고추, 밥, 깍두기, 미역국이 함께 나오는 전형적인 옛날 한국식 돈가스다. 기교 없는 수프와 과일 향의 소스, 가격 대비 맛과 추억을 경험할 수 있으며, 추가 리필도 가능하다. 자체적으로 특별소스를 개발하여 선보인 바비큐 돈가스도 주목을 끌기에 충분하다. 옛날 경양식집의 돈가스가 그리울 때 찾아볼 만한 추억의 장소로, 주변의 오 박사네 왕돈가스, 금왕 돈가스 모두 비슷한 콘셉트다.
 
[ 혜화동 경신고와 서울과학고 사이 언덕길로 직진 ]도로명 주소 : 서울특별시 성북구 창경궁로35다길 140",돈가스· 생선가스· 함박스테이크· 치즈돈가스,"돈가스 (9천5백원), 생선가스 (1만원), 서울정식, 치즈돈가스(각 1만1천원)",첫째· 셋째 주 일요일· 둘째· 넷째 주 화요일,09:00-24:00,주차가능,가능,에피큐어평점 [없음],오감평점 [0점],,02-766-9370,서울왕돈까스,
서울특별시 성북구 성북동 9,서울특별시성북구|한식|면류,1만원 내외,없음,한성대역 5번 출구 혜화동방면 100미터 우측골목30미터지점 성북1동 파출소 옆,"국시집 - 정재계 인사들이 즐겨 찾는 경상도식 칼국수집.
 
 일명 ""청와대 칼국숫집"", '칼국수계의 최고봉' 등으로 불리며 명동교자와는 또 다른 느낌의 경상도식 칼국수를 선보이는 집으로, 하늘하늘 부드럽고 깔끔한 면발에 양지머리로 우려낸 육수가 특징이다. 매일 정오부터 오후 2시까지 정해진 양만 팔면 영업을 마감하기 때문에 반드시 예약을 하고 방문하는 편이 좋다. 보쌈집에서 파는 일반적인 수육과는 차원이 다른 부드러운 수육을 비롯해 문어숙회, 모듬전도 일품이다. 국시집은 원래 분식집이었으나 1968년 우연히 가게를 방문한 당시 서울시장이 칼국수가 맛있다며, 정식으로 개업할 것을 제안해 1969년 국시집으로 개업했다고 한다.
 
[ 한성대역 5번 출구 혜화동방면 100미터 우측골목30미터지점 성북1동 파출소 옆 ]도로명 주소 : 서울특별시 성북구 창경궁로43길 9",문어· 수육· 국시,"국시 (9천원), 국시곱배기 (1만1천원), 문어 (1만7천원, 2만8원), 수육 (소 1만8천원, 대 3만3원), 모듬전 (1만4천원, 2만2천원)",명절휴무,12:00~14:30/17:30~20:30,주차가능,가능(예약필수),에피큐어평점 [AA],오감평점 [5점],,02-762-1924,국시집,
서울특별시 성북구 성북동 124-3,서울특별시성북구|한식|탕반/찌개,1만원 내외,없음,서울과학고등학교 뒤 오박사네 돈까스 옆,"마전터 - 40여 년 전통의 소고기국밥집.
 
 성북동의 옛 지명 '마전터'를 상호로 사용하는 40여 년 전통의 소고기국밥집이다. 신선하고 질좋은 양지머리와 콩나물을 듬뿍 넣어 시원한 맛이 일품이며 조미료를 넣지 않아 음식 고유의 맛이 살아 있다. 한옥을 개조한 아담하고 편안한 분위기의 밥집이며, 파전이나 녹두전은 놓치기 아까운 별미이다. 예전에 비해 다소 평이 떨어지는 편이다.
 
 마전터는 원래 물이 맑고 경치가 좋으나 땅에 돌이 많아서 농토가 전혀 없고 또한 시장이 멀어서 정착하지 못하고 떠나는 사람이 많이 생기므로 영조4년(1765년)에 서울의 각 시장에서 파는 포목의 마전(광목을 물에 빨아 햇빛으로 표백하는 일)하는 권리를 이곳 사람에게 주어서 생활을 유지하게 하였으니 그로부터 성북동을 마전터라 불러 왔다고 한다.
[ 혜화동로터리&gt; 성북동- 서울과학고등학교 뒤 오박사네 돈까스 옆 ]도로명 주소 : 서울특별시 성북구 혜화로 82-2",소고기국밥· 간장게장,"소고기국밥 (9천원), 추어탕 (8천원), 파전, 녹두전 (각 1만원), 간장게장 (2만5천원), 낙지볶음 (3만원), 보쌈 (3만원, 4만원)",명절휴무,09:00~21:30,주차가능,가능,에피큐어평점 [없음],오감평점 [5점],,02-765-7575,마전터,
서울특별시 성북구 성북동 131-32,서울특별시성북구|일식|돈가스,1만원 내외,없음,혜화역 4번 출구 혜화동 경신고와 서울과학고 사이 언덕길로 직진,"오박사네돈까스 - 성북동 돈까스 원조집.
 
 기사식당으로 시작해 얼굴만한 크기의 돈까스로 유명해진 집이다. 수프와 절인고추, 밥, 깍두기, 미역국이 함께 나오는 전형적인 한국식 돈까스로, 옛날식 기교없는 수프와 가격대비 실속있는 맛과 추억을 경험할 수 있다. 밥과 야채는 리필이 가능하다. 옛날 경양식집의 돈까스가 그리울때 찾아 볼만한 추억의 장소로 추천할 만 하며, 주변의 서울돈까스, 금왕돈까스 모두 비슷한 콘셉트다. 1996년 개업.
 
[ 혜화역 4번 출구 혜화동 경신고와 서울과학고 사이 언덕길로 직진 ]도로명 주소 : 서울특별시 성북구 혜화로 80",돈가스· 생선가스· 치즈돈가스· 오박사정식,"돈가스 (8천원), 생선가스 (8천원), 치즈돈가스 (9천원), 비후가스 (9천원), 오박사정식 (9천원), 함박스테이크 (9천원)",둘째· 넷째 주 일요일· 첫째· 셋째 주 화요일· 명절휴무,08:00-24:00,주차가능,가능,에피큐어평점 [없음],오감평점 [0점],,02-3673-5730,오박사네돈까스,
서울특별시 성북구 성북동 97-24,서울특별시성북구|한식|어패류,5~10만원,없음,혜화동 로터리에서 성북동으로 올라오는 길과 삼선교 전철역에서 올라오는 길이 만나는 곳 쌍다리기사식당 맞은편,"섭지코지 - 자연산 위주의 회와 코스를 내는 제주 향토음식 전문점.
 
 섭지코지는 성산 일출봉 근처의 마을 이름으로, 섭지는 지명이고 코지는 바다쪽으로 툭 튀어나온 곶 지형을 말하는 제주도식 사투리라고 한다. 제주에서 매일 항공편으로 공수해 오는 자연산 회를 함께 즐기는 코스와 식사 메뉴가 있으며, 이름만 들어 본 최고급 횟감인 제주산 다금바리를 맛볼 수 있다. 다금바리(자바리)는 깊은 바다에서 10년은 자라야 성어가 된다고 하여 귀한 대접을 받고 있는데, 서울에서 구문쟁이나 수입 다금바리를 제주산 다금바리로 속여서 파는 데가 많다고 하니 다금바리의 귀한 몸값을 짐작할 수 있다.
 
[ 혜화동 로터리에서 성북동으로 올라오는 길과 삼선교 전철역에서 올라오는 길이 만나는 곳 쌍다리기사식당 맞은편 ]도로명 주소 : 서울특별시 성북구 성북로 118-5",점심코스· 저녁코스,"모둠사시미 (1인 8만8천원), 다금바리 (1인 16만5천원), 자연산전복회 (1인 22만원), 점심코스 (2만7천5백원~4만9천5백원), 저녁코스 (6만5백원), 복탕, 복지리, 민어탕, 민어지리, 갈치구이 (각 3만3천원), 전복죽 (2만2천원)",명절휴무,11:30~22:30,주차가능,가능,에피큐어평점 [A],오감평점 [3점],,02-3673-5600,섭지코지,
서울특별시 성북구 성북동 264,서울특별시성북구|한식|한정식,2~4만원,없음,성북 2동 동사무소  옆 도로변에 성북설렁탕 아래 우측,"국화정원 (菊花정원) - 한식 코스와 간장게장이 유명한 한정식집.
 
 1925년 지어진 전통 고택을 개조한 운치있고 고풍스런 인테리어가 인상적인 조용한 분위기의 한정식집이다. 정갈하고 깔끔한 상차림에 반찬 하나 하나 모두 맛있고, 사전에 미리 예약하면 전복요리와 일품 모듬 생선회도 가능하다고 한다. 코스가 아닌 단품 메뉴도 괜찮은 편인데, 그냥 먹어도 짜지 않고 달큰한 간장게장은 유명 간장게장집과 견주어도 전혀 손색이 없는 훌륭한 맛이다.
 
[ 성북 2동 동사무소  옆 도로변에 성북설렁탕 아래 우측 ]도로명 주소 : 서울특별시 성북구 성북로 154",,"점심정식 (2만9천원), 저녁정식 (3만9천원~12만원), 간장게장 (3만9천원)",명절휴무,12:00~22:00,주차가능,가능,에피큐어평점 [A],오감평점 [0점],,02-741-0020,국화정원 (菊花정원),
서울특별시 성북구 성북동 124-11,서울특별시성북구|한식|면류,1만원 내외,없음,혜화역 4번 출구 혜화동로터리>> 성북동- 서울과학고등학교 뒤 오박사네 돈까스 옆,"우리밀국시 - 정갈하고 담백한 맛이 특징인 안동식 밀국시를 즐길 수 있는 곳.
 
 '까다로운 솜씨로 만든 정갈한 칼국시 맛'으로 30여 년 꾸준한 사랑을 받아 온 안동식 밀국시집이다. 실크 감촉같이 부드러우면서 식감이 살아있는 면발에 정갈하고 담백한 맛이 특징인 안동식 밀국시를 제대로 맛볼 수 있다. 이 집의 밀국시는 안동의 양반들이 즐겨먹던 경상도식 국수로 일반 칼국수보다 면발이 가는 것이 특징이며, 진한 국물에 깔끔하고 군더더기 없는 얌전한 스타일이다. 동동주와 함께 대구전, 수육, 문어숙회도 인기가 있으며, 설렁탕도 기본 이상을 보여 주고 있다.
 
[ 혜화역 4번 출구 혜화동로터리에서 성북동 방향, 서울과학고등학교 뒤 오박사네 돈까스 옆 ]
 
도로명 주소 : 서울특별시 성북구 혜화로 84-2",우리밀국시· 수육· 문어숙회,"칼국수, 설렁탕 (각 9천원), 감자전 (1만2천원), 생선전 (소 1만5천원, 대 2만원), 수육, 문어, 반반수육 (각 3만5천원)",명절휴무,09:00~22:00,주차가능,가능,에피큐어평점 [없음],오감평점 [4점],,02-745-3764,우리밀국시,
서울특별시 성북구 성북동 114-2,서울특별시성북구|한식|육류,1만원 내외,없음,혜화동 로터리에서 성북동으로 올라오는 길과 삼선교 전철역에서 올라오는 길이 만나는 곳 쌍다리기사식당 근처,"성북동돼지갈비집 - 40여 년 전통의 기사식 돼지갈비집.
 
 돼지갈비와 삼겹살을 반반씩 연탄불에 구워 편하게 '반반'이라 부르는 메뉴가 인기인 기사식 돼지갈비집으로, 연탄불 향이 밴 고기 맛이 일품이다. 반반이 아닌 원하는 메뉴를 따로 주문해도 되는데, 곁들여 나오는 조개젓을 쌈에 올려 먹으면 별미다. 쌍다리식당이 삽겹살이라면 이 집은 돼지갈비 백반이 더 인기이며, 비교적 나이드신 분들이 많이 찾는다. 1975년 개업.
[ 혜화동 로터리에서 성북동으로 올라오는 길과 삼선교 전철역에서 올라오는 길이 만나는 곳 쌍다리기사식당 근처 ]도로명 주소 : 서울특별시 성북구 성북로 115",돼지갈비백반· 돼비주물럭백반· 돼비불고기백반,"불고기백반, 떡갈비, 떡갈비+불고기백반 (각 8천원), 갈비백반 (8천5백원)",매월 첫째· 셋째 주 일요일 휴무,09:00~21:30,주차가능,가능,에피큐어평점 [없음],오감평점 [0점],,02-764-2420,성북동돼지갈비집,
서울특별시 성북구 성북동 256-1,서울특별시성북구|일식|돈가스,1만원 내외,없음,성북 2동 동사무소 바로 옆 도로변에 위치,"금왕돈까스 - 수프와 김치 또는 깍두기가 함께 나오는 한국식 돈가스.
 
 기사식당에서 출발해 이제는 누구나 아는 성북동의 명소가 된 돈가스집으로, 수프와 김치 또는 깍두기가 함께 나오는 옛날 한국식 돈가스를 맛볼 수 있다. 돈가스 크기나 양도 만족하지만, 특히 소스 맛이 일품이다. 전문 일식집들이 돈가스에서도 강한 편이라 최고의 맛은 아니지만 그래도 이 정도면 흔하지 않게 만족할 수 있는 집이다. 작은 앞마당이 있어 아이들과 외식하기에 특히 좋다. 옛날 경양식집의 돈가스가 그리울 때 찾아볼 만한 추억의 장소로, 주변의 서울돈가스, 오박사네 모두 비슷한 콘셉트다.
 
[ 성북 2동 동사무소 바로 옆 도로변에 위치 ]
 
도로명 주소 : 서울특별시 성북구 성북로 136",금왕정식· 안심가스· 등심가스· 생선가스,"돈가스, 치킨가스, 함박스테이크 (각 1만원), 안심돈가스 (1만1천원)",매주 월요일 휴무,10:30-21:00,주차가능,가능,에피큐어평점 [A],오감평점 [3점],,02-764-2691,금왕돈까스,
서울특별시 성북구 성북동 248,서울특별시성북구|디저트|전통차전문점,1만원 내외,없음,성북 2동 동사무소  옆 도로변에 성북설렁탕 아래 우측,"수연산방 (壽硏山房) - 상허 이태준 선생의 고택 집필공간을 개조한 전통찻집.
 
 한국 현대문화사에 큰 족적을 남긴 상허 이태준 선생의 고택 집필공간을 전통찻집으로 개조하여 외종 손녀인 주인이 1998년부터 개방하고 있다. 이태준 선생이 1933년부터 1946년 월북하기 전 까지 살면서 '문인들이 모이는 산속 작은집' 이라는 뜻의 수연산방(壽硏山房)으로 짓고 왕자호동, 황진이, 달밤, 돌다리 등을 집필한 곳이다. 옛 문인들의 자취가 곳곳에 남아 있는 문학가의 집이니 만큼 개방시간이 지정되어 있다. 정원과 마당 전체가 작지만 아름답게 꾸며져있고 전통차와 떡, 한과, 빙수, 커피 등 메뉴가 준비되어 있다.
 
[ 성북 2동 동사무소  옆 도로변에 성북설렁탕 아래 우측 ]도로명 주소 : 서울특별시 성북구 성북로26길 8",전통차· 호박빙수· 떡,"대추차 (8천원), 햇차 (8천원), 발효햇차 (2만원), 단호박빙수 (1인분 1만3천5백원)",명절휴무,11:00~22:30,주차가능,가능,에피큐어평점 [A],오감평점 [5점],,02-764-1736,수연산방 (壽硏山房),
서울특별시 성북구 성북동 281-1,서울특별시성북구|한식|가금류,2~4만원,없음,성북동 삼청터널 지나 성북동 내려가는 길 / 성북동 버스종점,"성북동누룽지백숙 - 메밀수제비와 누룽지백숙이 유명한 곳.
 
 메밀수제비집으로 시작해 지금은 누룽지백숙이 더 인기 메뉴가 된 집으로, 백숙을 제외하면 모든 메뉴가 메밀로 만든 음식이다. 거슬리는 냄새없이 깔끔고 부드러운 누룽지백숙과 들깨 메밀수제비 모두 양이 푸짐해 만족도는 높은 편이다. 몸보신이나 어르신들을 모시고 외식하기에 좋은 곳이며, 식사 후 2층 테라스에서 성북동의 경치도 감상하고 커피도 즐길 수 있다.
 
[ 성북동 삼청터널 지나 성북동 내려가는 길, 성북동 버스종점 ]도로명 주소 : 서울특별시 성북구 성북로31길 9",누룽지백숙· 메밀수제비· 메밀전,"성북동누룽지백숙+메밀전 (4만9천원), 들깨메밀수제비 (9천원), 메밀전 (9천원)",명절휴무,11:30~21:00,주차가능,가능,에피큐어평점 [A],오감평점 [5점],,02-764-0707,성북동누룽지백숙,
서울특별시 은평구 불광동 28-11,서울특별시은평구|한식|가금류,1만원 내외,없음,불광중학교에서 북한산 올라가는 길목 내,"성너머집 - 가마솥 닭볶음탕과 삼계탕으로 소문난 집.
 
 성북동 언덕 꼭대기에서 장작불 가마솥에서 요리해 뚝배기에 담아 나오는 닭볶음탕으로 에피큐어들 사이에 화제가 되었던 집이다. 성북동에서 불광동으로 이전했지만 여전히 추억의 닭볶음탕을 맛보기 위해 수고스러움을 마다하지 않는 극성스런 단골들이 많다. 성북동을 내려다 보면서 식사할 수 있으며, 한정된 양만 판매하며 저녁 6시~8시 이전에 문을 닫는다. 가급적 예약하고 방문하는 게 좋다.
 
[ 불광중학교에서 북한산 올라가는 길목 내 ]도로명 주소 : 서울 은평구 불광로18길 13-1",닭볶음탕· 삼계탕,"닭볶음탕 (1인분 1만2천원), 삼계탕 (1인분 1만2천원)",매주 화요일 휴무,11:30~21:00,주차가능,가능,에피큐어평점 [A],오감평점 [0점],,02-764-8571,성너머집,
서울특별시 종로구 삼청동 31-1,서울특별시종로구|한식|육류,2~4만원,없음,삼청동 금융연수원 지나 감사원길 삼거리 모퉁이,"단풍나무집 (Maple Tree House) -  카페나 와인집이 연상되는 세련된 외관의 참숯 화로구이집.
 
 담벼락에서 실내 인테리어까지 파스타나 차를 팔 것 같은 세련된 분위기의 고깃집으로, 숯화로에 구워서 먹는 천겹이라는 업그레이드 된 항정살이 유명하다. 넓은 정원과 나무와 벽돌색이 잘 어울리고 실내는 통유리로 천장과 벽을 만들어 햇살을 받으며 여유롭게 식사할 수 있다. 방문자들의 만족도가 높고 평이 좋은 편이다. 2005년 개업.
 
[ 삼청동 금융연수원 지나 감사원길 삼거리 모퉁이 ] 도로명 주소 : 서울특별시 종로구 삼청로 130",천겹(항정살)· 우삼겹· 소고기 등심,"천겹살 (150g 1만6천9백원), 제주흑돼지오겹살 (150g 1만8천9백원), 제주목살, 제주양념목살 (각 150g 1만7천9백원), 우삼겹 (150g 1만4천9백원), 한우숙성등심 (150g 3만9천9백원), 숙성꽃등심 (150g 3만2천9백원), 양념갈비꽃살 (150g 2만8천9백원)",명절휴무,11:30~14:30/17:30~22:30,주차불가,가능,에피큐어평점 [없음],오감평점 [5점],,02-730-7461,단풍나무집 (Maple Tree House),
서울특별시 성북구 성북동 109-2,서울특별시성북구|한식|육류,1만원 내외,없음,혜화동 로터리에서 성북동으로 올라오는 길과 삼선교 전철역에서 올라오는 길이 만나는 곳 성북동돼지갈비 근처,"쌍다리기사식당 - 투박한 연탄구이 돼지불백이 유명한 기사식당. 저렴한 가격에 추억의 연탄구이를 즐길 수 있는 곳으로, 서울대입구 돈벼락연탄갈비나 약수의 우성갈비, 전남 담양의 승일식당과 비교되기도 한다. 연탄불에 직화로 구워 불향이 좋은 돼지불백을 맛보기 위해 운전기사들 보다 소문을 듣고 찾아오는 일반인들이 더 많은 기사식당으로 유명하다. 저렴하면서도 만족도가 높고 혼자서도 부담없이 식사할 수 있다.
 
[ 혜화동 로터리에서 성북동으로 올라오는 길과 삼선교 전철역에서 올라오는 길이 만나는 곳 성북동돼지갈비 근처 ]도로명 주소 : 서울특별시 성북구 성북로23길 4",돼지불고기백반· 부대찌개· 낚지볶음,"돼지불백 (8천원, 특 1만2천원), 불백비빔밥 (8천원), 낙지볶음, 부대찌개 (각 7천원)",둘째· 넷째 주 일요일· 명절휴무,09:00~21:30,주차가능,가능,에피큐어평점 [A],오감평점 [3점],,02-743-0325,쌍다리기사식당,
서울특별시 종로구 삼청동 20-8,서울특별시종로구|한식|일반한식,1만원 내외,없음,삼청동길 금융연수원 옆,"눈나무집 (설목헌:雪木軒) - 김치말이 국수와 떡갈비가 맛있는 집.
 
 눈나무집을 유명하게 만든 메뉴 '김치말이 국수'는 본래 황해도 식으로, 정확히는 냉면이 그렇듯이 겨울에 먹는 국수다. 참기름이 들어가 고소하고 시원한 김치국물에 말아 나오는 김치말이 국수와 떡볶이가 곁들여 나오는 달달한 떡갈비가 인기 메뉴이다. 이 집의 초기 주인이 시인으로 '설목헌(雪木軒)'이라는 한자를 풀어 쓴 '눈나무집'이라는 이름도 그가 지었다. 이후 1994년도에 현재 사장의 어머니가 가게를 이어받아 지금의 대표 메뉴 김치말이 국수로 눈나무집의 유명세를 만들었다. 방문자에 따라 약간의 호불호가 갈린다.
 
[ 삼청동길 금융연수원 옆 ]도로명 주소 : 서울 종로구 삼청로 136-1",김치말이국수· 김치말이밥· 떡갈비,"김치말이밥 (6천원), 김치말이국수 (6천원), 평양만두 (7천원), 떡갈비 (1인분 1만1천원), 녹두빈대떡 (1만원). 두부김치 (1만2천원)",명절휴무,11:30~21:00,,,에피큐어평점 [없음],오감평점 [0점],,02-739-6742,눈나무집 (설목헌:雪木軒),
서울특별시 종로구 삼청동 25,서울특별시종로구|한식|탕반/찌개,1만원 내외,없음,삼청동 끝자락 감사원 올라가는 고갯길 우측,"부영도가니탕 - 일반적인 도가니와는 다른 수육 느낌의 도가니탕.
 
 두분의 할머니 자매가 교대로 운영하고 있는 30여 년 전통의 도가니집이다. 메뉴는 도가니탕과 수육이 전부지만 담백하고 깔끔한 국물이 일품이며, 고기 인심도 넉넉한 집이다. 이 집의 도가니탕은 교북동 대성집의 전통적인 도가니와 비교하면 다소 차이를 보이는데, 도가니 보다는 사태나 수육 느낌이 강하지만 부드럽고 맛있다. 가격도 예전 그대로에 맛과 할머니의 친절함까지 만족도가 높은 집.
 
[ 삼청동 끝자락 감사원 올라가는 고갯길 우측 ]도로명 주소 : 서울특별시 종로구 삼청로10길 13",도가이탕· 수육,"곰탕 (8천원), 도가니탕 (1만2천원), 수육 (1만8천원)",명절휴무,08:00~20:00,가능하지 않음,가능,에피큐어평점 [없음],오감평점 [3점],없음,02-730-9440,부영도가니탕,
서울특별시 종로구 원서동 148,서울특별시종로구|한식|한정식,5~10만원,없음,"안국역 3번 출구로 나와 직진, 창덕궁(비원)과 현대원서공원 사잇길로 좌회전 후 직진하다 삼거리에서 진행하면 좌측","용수산 (본점) - 30여 년 전통을 자랑하는 개성식 한정식집.
 
  30여 년 전통의 개성식 한정식집으로, 양념의 맛을 최소로 줄여 재료 본연의 맛을 살린 음식이 특징이다. 단정하고 차분한 분위기에 음식도 품위있고 정갈하나, 명성이나 지명도, 가격에 비해 만족도는 다소 엇갈리는 편이며, 상견례나, 외국인 접대, 어른들을 모시기에 적합하다. 직영점에 따라 맛이나 서비스에 대한 평들이 다소 차이가 있다. 서울에 7개의 직영점이 있고 LA에도 직영점이 있다. 
 
[ 안국역 3번 출구로 나와 직진, 창덕궁(비원)과 현대원서공원 사잇길로 좌회전 후 직진하다 삼거리에서 진행하면 좌측 ]도로명 주소 : 서울 종로구 창덕궁1길 2",,"점심정식 (3만2천원), 솔정식 (3만8천원), 시림정식 (4만5천원, 4만9천원), 산정식 (5만8천원), 수정식 (7만8천원), 용정식 (12만5천원)",명절휴무,12:00~15:00/18:00~21:00,발레 파킹,가능,에피큐어평점 [없음],오감평점 [3점],,02-743-5999,용수산 (龍水山),http://www.yongsusan.co.kr/bw/main_bw_ko.asp
서울특별시 종로구 삼청동 35-116,서울특별시종로구|양식|이탈리아식,2~4만원,없음,삼청동길 입구에서 50m 오른쪽,"수와래 - 삼청동에서 파스타가 맛있는 곳.
 
  삼청동에서 오랜시간 자리를 지켜 온 하얀 벽돌건물의 벽화가 아기자기 인상적인 파스타집으로, 다양한 종류의 파스타와 리조또를 맛볼 수 있다. 홍합, 조개, 새우, 오징어가 들어간 토마토 소스 스파게티 페스카토레, 버섯, 치즈, 크림으로 만든 알프레도가 시그니처 메뉴이다. 유명세에 비해 맛에 대한 평가는 다소 엇갈리는 편이다.
 
[ 삼청동길 입구에서 50m 오른쪽 ]도로명 주소 : 서울특별시 종로구 삼청로 82",,"런치세트 (1만4천원), 파스타 (1만6천원~1만8천원), 리조토, 라자냐 (각 1만6천원), 피자 (1만5천원~1만7천원), 안심스테이크 (250g 3만9천원), 등심스테이크 (250g 3만9천원)",매주 월요일 휴무,11:30~15:00/16:30~21:30,주차불가,가능,에피큐어평점 [없음],오감평점 [4점],,02-739-2122,수와래 (Soowarae),http://www.mr-kang.com
서울특별시 성북구 성북동 270-1,서울특별시성북구|한식|어패류,2~4만원,없음,"성북2동 동사무소  옆 도로변, 성북설렁탕 아래 우측","비양도 (飛楊島) - 생선회가 있는 제주 토속음식 전문점.
 
 매일 제주에서 직송되는 신선한 재료와 각종 횟감이 다양하게 준비되는 제주 토속음식 전문점으로, 대표 메뉴인 생선회 정식 외에도 제주도 토속음식인 돔베고기, 갈치조림, 오분작뚝배기, 성게미역국 등의 제주도 토속음식을 맛볼 수 있다. 회가 중심이 되는 여수식 해물한정식과 비슷한 상차림으로, 제주식 한식과 일식의 경계가 모호한 콘셉트에 비싼 가격대가 다소 아쉽다.
 
[ 성북2동 동사무소  옆 도로변, 성북설렁탕 아래 우측 ]도로명 주소 : 서울특별시 성북구 성북로 160",생선회정식코스· 갈치조림· 전복뚝배기,"점심코스 (3만3천원, 5만5천원), 저녁사시미정식 (6만8천원), 갈치조림, 갈치구이 (각 4만7천원), 전복버터구이 (11만원)",명절휴무,11:30~15:00/17:00~22:00,발레파킹,가능,에피큐어평점 [A],오감평점 [0점],,02-741-1588,비양도 (飛揚島),
서울특별시 종로구 삼청동 28-21,서울특별시종로구|디저트|전통차전문점,1만원 내외,없음,삼청동길 금융연수원 근처 도로 우측,"서울서둘째로잘하는집 - 30여 년 전통을 자랑하는 전통차 전문점.
 
 삼청동의 빠질 수 없는 명소로, 상호에서는 서울에서 둘째로 잘한다고 겸손을 보이고 있지만 실은 일본에 까지 소문이 난 내공 있는 집이다. 잘 익은 밤, 동부콩, 팥, 은행, 그리고 큰 새알심과 그 위에 계피가루가 뿌려진 그야말로 천하 일품의 단팥죽을 맛볼 수 있다. 쌍화탕과 십전대보탕, 여름에는 팥빙수도 인기다.
 
[ 삼청동길 금융연수원 근처 도로 우측 ]
 도로명 주소 : 서울특별시 종로구 삼청로 122-1",전통차· 단팥죽,"단팥죽 (6천원), 식혜, 생강대추차 (각 6천5백원), 수정과 (5천5백원), 십전대보탕 (7천원), 녹각대보탕 (1만1천원)",명절휴무,12:00~21:00,주차불가,가능,에피큐어평점 [AA],오감평점 [5점],,02-734-5302,서울서둘째로잘하는집,
서울특별시 종로구 삼청동 127-2,서울특별시종로구|한식|면류,1만원 내외,없음,삼청동길로 가다가 감사원 올라가는 삼거리 좌측,"다락정 - 이북식 토장 만두전골이 별미로 꼽히는 집.  소박한 평양식 만두를 내는 이북식 만두전골 전문점이다. 30년 넘게 직접 빚은 만두에 해물, 버섯을 듬뿍 넣고 된장을 풀어 끓인 토장 만두전골이 대표 메뉴이며, 칼칼한 김치 만두전골이나 담백한 비지찌개, 모듬전과 녹두전도 인기다. 전반적으로 이북식 특유의 튀지 않고 소박하면서도 시원하고 심심한 그런 맛이지만 맑고 맹숭맹숭한 것이 이북음식의 매력이 아닌가 싶다. 1991년 개업. [ 삼청동길로 가다가 감사원 올라가는 삼거리 좌측 ]도로명 주소 : 서울특별시 종로구 삼청로 131-1",토장만두전골· 비지찌개,"만두국 (8천원), 토장만두전골 (1만원), 김치만두전골 (1만원), 녹두지짐 (1만원), 비지정식 (7천원), 불고기 (1만5천원), 모둠전 (1만8천원), 수육 (2만5천원)",명절휴무,11:00-22:00,주차불가,가능,에피큐어평점 [없음],오감평점 [4점],,02-725-1697,다락정 (多樂亭),
서울특별시 종로구 삼청동 88-23,서울특별시종로구|한식|어패류,1만원 내외,없음,삼청동 총리공관 근처,"청수정 - 홍합밥이 유명한 집.
 
 주인이 울릉도에서 밥에 홍합을 비벼 먹는 것을 보고 도시인의 입맛에 맞게 개량해 만든 메뉴인 홍합밥이 유명하다. 말린 조갯살을 넣고 밥을 지은 후 간장으로 간을 하고 다시 참기름에 볶아낸 울릉도의 향토 음식이다. 홍합도시락이 별미로 꼽히고, 홍합정식에는 10여 가지의 곁반찬이 나온다. 산채비빔밥과 볼테기찜탕 등도 인기다.
 
[ 삼청동 총리공관 근처 ]도로명 주소 : 서울특별시 종로구 삼청로 91",홍합정식· 홍합도시락,"홍합밥정식 (1만8천원), 홍합도시락 (8천원), 산채비빔밥, 불고기덮밥 (각 7천원), 껍대기찜, 뽈데기탕 (각 3만원, 4만원)",공휴일· 명절휴무,11:30-21:00,주차불가,가능,에피큐어평점 [없음],오감평점 [0점],,02-738-8288,청수정 (靑受亭),
대전광역시 중구 대흥동 2-7,대전광역시중구|한식|어패류,1만원 내외,없음,대전 서라벌 극장 앞 골목에 위치,"소나무집 - 묵은지 베이스의 오징어칼국수가 유명한 노포집.   40년 전통으로 내려 온 오징어찌개에 끓여 먹는 칼국수와 두부부침이 맛있는 집이다. 묵은지 베이스의 시큼새콤한 오징어찌개를 시키고 추가가 안되므로 사람 수에 맞게 신중히 주문해야 하는 칼국수 사리를 넣고 걸죽하게 끓여서 먹은 다음, 볶음밥으로 마무리 한다. 저렴한 가격에 신선한 오징어와 시큼한 묵은지, 감칠맛의 평범하지 않은 메뉴가 강점이며, 여행 중 대전식 별미 정도로 한 번 경험할 만한 집이다. 사이드 메뉴로 나오는 두부부침도 괜찮으며, 친절함이 돋보인다. (3시30분~5시30분은 브레이크 타임)[ 대전 서라벌 극장 앞 골목에 위치 ]도로명 주소 : 대전광역시 중구 대종로460번길 59",오징어찌개,"오징어찌개 (1인분 4천원), 사리 (1천원), 두부부침 (2천원)",명절휴무,11:00~15:30/17:30~21:00,주차가능,가능,에피큐어평점 [A],오감평점 [0점],,042-256-1464,소나무집,
서울특별시 종로구 삼청동 102,서울특별시종로구|한식|면류,1만원 내외,없음,삼청동 삼청동사무소 옆,"삼청동수제비 - 추억의 항아리 수제비.
 
 1985년 개업한 30여 년 전통의 수제비 전문점으로, 삼청동 골목의 터줏대감 격인 집이다. 삼청동을 이야기할 때 빠질 수 없는 명소로 전국적인 유명세를 치른 곳이지만, 특별한 맛이나 별미를 기대하기보다는 지난 시절을 추억할 수 있는 대중적인 맛 정도를 기대하고 찾는다면 충분히 만족할 수 있는 곳이다. 밀가루 반죽을 기계로 납작하게 밀고 손으로 뜯어 만들기 때문에 오로지 손으로만 만드는 수제비에 비해 기계적인 느낌을 지울 수는 없지만 얇고 부드러운 장점은 분명하다. 
 
[ 삼청동 삼청동사무소 옆 ]도로명 주소 : 서울특별시 종로구 삼청로 101-1",수제비· 감자전· 녹두전,"수제비 (9천원), 찹쌀옹심이 (2인 이상, 1인 1만3천원), 감자전 (1만원), 파전, 녹두전 (각 1만5천원)",연중무휴,11:00~21:00,주차가능,,에피큐어평점 [없음],오감평점 [2점],,02-735-2965,삼청동수제비,
강원도 동해시 묵호진동 2-280,강원도동해시|한식|어패류,2~4만원,없음,,"동해곰치국 - 묵호항 인근에 위치한 곰치국집. 가정집을 개조한 작은 식당으로, 곰치에 김치를 넣어서 끓여낸 곰치국과 가자미회무침이 메뉴의 전부다. 속초 옥미식당의 곰치국에 비하면 곰치의 양도 적고 김칫국스런 소박한 비주얼에 비해 실제로는 꽤 맛있는 곰치국을 즐길 수 있다. 현지인 위주로 영업하며, 날씨가 좋지 않은 날에는 문을 닫는 일도 있으니 사전에 전화로 확인 후 방문하는 게 좋다.묵호항 인근의 곰치국집이 여러군데 성업중이며, 수요에 비해 하루 몇 마리 잡히지 않는 곰치가 수요를 따라 갈 수 없어 곰치가 없으면 물메기를 사용하는 경우가 종종 있다는 제보가 있으니 참고하는 게 좋다.[ 묵호항에서 어달해수욕장 방향 500m ]도로명 주소 : 강원도 동해시 일출로 103",곰치국,"곰치국, 곰치지리탕 (각 1만2천원), 곰치매운탕 (중 3만원, 대 4만원), 가자미회무침 (2만원)",명절당일휴무,07:00~20:00,주차가능,가능,에피큐어평점 [없음],오감평점 [0점],,033-531-8900,동해곰치국,
서울특별시 종로구 삼청동 123,서울특별시종로구|한식|일반한식,1만원 내외,없음,삼청동길 한국금융연수원 건너편,"온마을 - 명란젓으로 간을 한 두부젓국찌개가 유명한 곳.
 
 충남 부여산 콩으로 직접 두부를 만들어 사용하는 집이다. 일체의 첨가물 없이 간수와 소금만을 사용해 만들며, 조리하는 과정에서도 조미료를 쓰지 않아 담백하면서도 두부 본래의 맛을 잘 살렸다는 평가를 받고 있다. 서래태로 만든 두부에 명란젓으로 간을 한 두부젓국이 대표 메뉴이며, 쟁쟁한 맛집이 많은 삼청동 일대에서도 전혀 밀리지 않은 맛과 전문성이 돋보이는 곳이다. 
 
[ 삼청동길 한국금융연수원 건너편  ]도로명 주소 : 서울 종로구 삼청로 127",두부젓국· 서리태두부· 비지찌개,"두부버섯전골 (9천원), 들깨야채전골 (9천원), 서리태두부 (1만원)",명절당일 휴무,10:30~21:00,주차불가,가능,에피큐어평점 [없음],오감평점 [5점],,02-738-4231,온마을,
강원도 철원군 동송읍 이평리 676-14,강원도철원군|양식|이탈리아식,1~2만원 대,없음,철원 동송시장 입구에 위치,"놈스톤피자 - 철원에서 분위기 있게 화덕피자를 즐길 수 잇는 곳. 고석정 인근에서 화덕피자를 맛볼 수 있는 집으로, 성신여대 앞 놈파스타에서 파스타와 화덕피자 노하우를 전수받은 주인이 운영하고 있다. 원래는 평창 로하스가든에서 유명세를 떨치다가 철원으로 이전해 왔다. 철원지역에서는 보기 드문 세련된 인테리어로 이목을 끄는데다 맛 또한 뛰어나서 인근 군부대에서 휴가, 외박을 나온 커플들의 단골 데이트장소로도 인기를 끌고 있다.[ 철원 동송시장 입구에 위치 ]도로명 주소 : 강원도 철원군 동송읍 금학로210번길 7-14",피자· 파스타,"마르게리따 (1만3천원), 고르곤졸라 (1만4천원)",연중무휴,11:30~15:00/17:00~21:30,주차가능,가능,에피큐어평점 [A],오감평점 [4점],,033-455-5300,놈스톤피자,
서울특별시 종로구 삼청동 62-17,서울특별시종로구|한식|일반한식,2~4만원,없음,삼청동길 삼청동사무소 맞은편,"솔뫼마을 - 전망 좋은 창가 테이블에서 햇살을 받으며 식사할 수 있는 정국장집.
 
 삼청동이 훤히 내려다 보이는 전망 좋은 창가 테이블에서 햇살을 받으며 식사할 수 있는 정국장집이다. 깔끔한 주방이 훤히 들여다 보이는 오픈 키친에 점심 메뉴로 나오는 청국장이 유명하며, 자녁에는 철판 위에 김치와 함께 올려서 굽는 두툼한 삼겹살을 많이 찾는다. 고기를 먹은 후 식사로는 청국장과 순두부를 주로 시켜 먹는다.
[ 삼청동길 삼청동사무소 맞은편  ]도로명 주소 : 서울특별시 종로구 삼청로 100-1",청국장,"청국장 (6천원), 순두부찌개 (6천원), 생삼겹살 (9천원), 생목살소금구이 (8천원)",매월 첫째· 셋째 주 일요일 휴무,11:00~22:30,주차불가,가능,에피큐어평점 [없음],오감평점 [3점],,02-720-9524,향나무세그루,
서울특별시 성북구 성북동 350-17,서울특별시성북구|디저트|케이크,1만원 내외,없음,성너머집 방향 성북동 주암아파트 인근,"제이스케이크 (J's Cake ) - 케이크 아티스트 전미경씨가 운영하는 수제 케이크 전문점.
 
  정통 홈메이드 방식의 케이크를 맛볼 수 있는 곳으로, 케이크 아티스트 전미경 씨가 운영하는 디저트 카페 겸 맞춤 케이크 전문점이다. 유기농 밀가루만 고집하고 매일 매장에서 직접 구워서 만든다. 주인 전미경 씨는 설치미술가 사사(44), 작가 박미나  등과 함께 전시를 하면서 케이크 아티스트라는 명예로운 별칭을 얻었다. 
 
[ 성너머집 방향 성북동 주암아파트 인근 ] 도로명 주소 : 서울특별시 성북구 성북로31길 85-5",케이크·스노우쇼콜라,"조각 케이크 (7천5백원), 커피 (6천원)",연중무휴,10:00~23:00,주차불가,가능,에피큐어평점 [없음],오감평점 [4점],,02-742-4810,제이스케이크 (J's Cake ),http://www.jscake.com
서울특별시 마포구 서교동 478-3,서울특별시마포구|양식|프랑스식,2~4만원,없음,"망원역 1번 출구로 나와 작진하다 성산초교 교차로에서 첫 번째 골목으로 좌회전, 서교동주민센터 옆","쉐시몽 - 심순철 오너 셰프가 운영하는 프렌치 비스트로.
 
 르꼬르동 블루 출신으로 파크 하얏트에서 근무한 심순철 오너 셰프가 운영하는 작고 아담한 프렌치 비스트로로 간결하면서도 모던한 프렌치가 특징이다. 삼청동에서 지금의 자리로 이전해 왔으며, 무엇보다 오너 셰프 레스토랑 다운 정성이 묻어나는 음식들을 만날 수 있어 일반적인 레스토랑과는 만족도가 다를수 밖에 없다. 예약제로만 운영되고 있으며, 주문은 코스로만 가능하다. 
 
[ 망원역 1번 출구로 나와 작진하다 성산초교 교차로에서 첫 번째 골목으로 좌회전, 서교동주민센터 옆 ]도로명 주소 : 서울 마포구 월드컵로10길 48",점심코스· 저녁코스,"코스메뉴 (1인 4만원, 7만원)",비정기적 휴무,12:00~15:00/18:00~22:00,주차불가,예약제,에피큐어평점 [A],오감평점 [5점],,02-730-1045,쉐시몽 (Chez Simon),http://blog.naver.com/chezsimon
서울특별시 중구 남대문로 5가 395,서울특별시중구|양식|이탈리아식,5~10만원,없음,밀레니엄 서울 힐튼 내,"일폰테 (Il Ponte) - 힐튼호텔 내 위치한 이탈리안 레스토랑.
 
 국내 호텔업계 최초이자 서울에서 가장 오래된 이탈리안 레스토랑 중의 하 나로, 이탈리아인 셰프 아니타 비디니 씨가 주방을 책임지고 있다. 조리하는 과정을 직접 지켜볼 수 있는 오픈 키친에 눈길을 끌기에 충분한 고급스런 장식과 식기는 몰론이고, 역사와 전통 만큼이나 수준 있는 맛과 서비스를 경험할 수 있다. 10명까지 식사가 가능한 소규모 별실과 총 50명 규모의 모임이나 행사를 치를 수 있는 ‘리알토(Rialto)’가 마련되어 있다. 
 
[ 밀레니엄 서울 힐튼 내 ]도로명 주소 : 서울특별시 중구 소월로 50 힐튼호텔",,"메인 (5만원~10만8천원), 파스타 (2만8천원~4만1천원), 피자(3만2천원~4만1천원)",연중무휴,11:30~14:30/18:00~22:00,주차가능,가능,에피큐어평점 [AA],오감평점 [0점],,02-317-3270,일폰테 (Il Ponte),
경기도 성남시 분당구 정자동 9,경기도성남시|중식|퓨전중식,2~4만원,없음,정자역 현대아이파크 1층,"쿠얼라이 - 캐주얼 풍의 중식당
 
 캐주얼 풍의 퓨전중식을 표방하는 곳으로, 연인이나 친구끼리 오붓한 시간을 보낼 수 있는 장소로 적합하다. ‘이리 오라’고 할 때 쓰는 북경어로 ‘궐라이’(Guolai)에서 Q자를 쓰면 더 글씨가 예쁠 것 같아 G자만 Q자로 바꾼 것인데, 중국 영화에도 자주 쓰이고 친구들끼리 편하게 하는 말처럼 ‘손님들이 자주 오시라’는 뜻을 담았다고 한다. 식사 메뉴와 달콤한 크림 소스의 중새우크림, 데리야키 소스에 청양고추가 어울어진 유린기가 인기다.
 
[ 정자역 현대아이파크 1층 ]도로명 주소 : 경기 성남시 분당구 정자일로 239",중새우크림· 유린기,"짜장면 (6천원), 유린기 (2만4천원, 3만3천원), 크림새우 (2만6천원부터), 런치 (1만8천원~4만원)",명절휴무,11:30~15:00/17:30~22:00,주차가능,가능,에피큐어평점 [없음],오감평점 [0점],,031-785-2268,현재폐점-쿠얼라이,
서울특별시 종로구 소격동 59-1,서울특별시종로구|양식|프랑스식,5~10만원,없음,"경북궁 앞 화랑거리 끝지점 국제화랑 2, 3층에 위치","더레스토랑 - 아베 코이치(Abe Koichi)의 예술적 감각이 돋보이는 메뉴로 일본식 프렌치&amp;이탈리안. 
 
   일본인 셰프 아베 코이치(Abe Koichi)가 만드는 일본식 프렌치&amp;이탈리안을 즐길 수 있다. 세계적인 거장들의 전시로 유명한 국제화랑의 명성 만큼이나 유명세를 가지고 나름의 팬들을 확보하고 있는 레스토랑으로, 국제화랑의 모던한 전시공간이 그대로 연결된 전시장 같은 내부 공간이 인상적이다. 1988년에 개발하여 20년이 넘었다는 '차가운 사과 크림 수프(Apple Potage - Chef Abe's Special Since 1988)'는 더 레스토랑의 상징일 정도로 소문난 대표 에피타이저가 되었다. 아베의 예술적 감각이 돋보이는 메뉴로 가득한 이곳은 해물과 육류의 신선함이 그대로 살아있는 창의적인 요리들을 만날 수 있으며, 디저트로는 요구르트 치즈케잌이 인기다. 디너에 비해 저렴한 런치를 이용하는 것도 좋은 방법. 
 
[ 경북궁 앞 화랑거리 끝지점 국제화랑 2, 3층에 위치 ]
 도로명 주소 : 서울 종로구 삼청로 54",,"런치코스 (4만4천원~11만원), 디너코스 (8만8천원~16만5천원), 고기요리 (런치 4만9천5백원~5만9천5백원, 디너 7만1천5백원~8만1천5백원)",명정휴무,12:00~15:00/18:00~22:00,주차가능,가능,에피큐어평점 [AA],오감평점 [5점],,02-735-8441,더레스토랑 (The Restaurant),http://www.the-restaurant.co.kr
서울특별시 종로구 소격동 144,서울특별시종로구|중식|중식만두,1만원 내외,없음,"안국역 1번 출구 풍문여고 골목, 소격동 정독도서관 앞 아트선재 센터 옆","천진포자 - 서태후가 즐겼다는 주머니 모양의 텐진식 만두집.
 
 중국의 여황제 서태후가 공물로 바친 만두를 먹고 반했다 해서 더욱 유명해진 천진포자(톈진빠오즈:天津包子)는 북경에서 조금 떨어진 중국에서도 만두로 유명한 텐진지방의 만두를 말한다. 주머니 같이 생긴 만두를 '포자'라고 하는데 만두를 베어 물었을 때 흘러나오는 향과 육즙이 특징이다. 중국 현지에서 온 20년 넘은 경력의 포자 전문가와 40년이 다 되어가는 특급요리사 두 명의 중국인이 만들어 본토 현지의 포자맛 그대로를 서울에서 맛볼 수 있다. 가격까지 저렴하여 방문자들의 만족도가 높은 집이다. 바로 옆에 천진포자에서 같이 운영하는 면관이 있다.
 
[ 안국역 1번 출구 풍문여고 골목, 소격동 정독도서관 앞 아트선재 센터 옆  ]",,"고기만두 (6천원), 부추만두 (6천원), 삼선 해물만두 (6천원)",연중무휴,10:00~22:00,주차불가,불가능,에피큐어평점 [없음],오감평점 [5점],,02-739-6086,천진포자 (天津包子),
서울특별시 종로구 삼청동 63-28,서울특별시종로구|양식|미국식,2~4만원,없음,삼청동길 청수정 맞은편,"쿡앤하임 (Cook'n Heim) - '요리를 만드는 집'이라는 의미의 자연주의 레스토랑.
 
 건강을 주요 컨셉으로 자연주의 만을 고집한 오리지널 라이프 식단을 즐길 수 있는 곳으로, 일체의 MSG나 시판용 제품을 사용하지 않는다. 양질의 고기를 사용여 녹차와 허브, 와인으로 숙성시킨 수제 패티를 기본으로, 기존 햄버그 형태의 뉴욕스타일과 직접 구운 포카차빵을 사용한 이탈리안스타일 두가지 버전의 수제버거와 파인애플을 곁들인 상큼한 맛의 햄버거 스테이크로 유명하다. 피프틴 갤러리를 함께 운영하고 있는데, 큐레이터 출신의 이려은 대표가 매년 작가들을 선정해 작품을 전시하고 있다.
 
[ 삼청동길 청수정 맞은편 ]도로명 주 소 : 서울특별시 종로구 삼청로 90-1",수제햄버거,"버거 (8천5백원~1만6천원), 오일파스타 (1만3천원~1만6천원), 새우게살파스타 (1만5천원), 스테이크 (2만5천원~2만9천원)",명절당일 휴무,12:00-22:00,주차불가,가능,에피큐어평점 [없음],오감평점 [0점],,02-733-1109,현재폐점-쿡앤하임,http://geleryfifteen.co.kr
서울특별시 종로구 소격동 122-3,서울특별시종로구|한식|한정식,2~4만원,없음,"경복궁 국립민속박물관 정문에서 선재아트쪽 길, 소격동 국군수도병원 건너편","큰기와집 - 정갈하고 전통있는 반가(班家) 음식을 전문으로 내는 집.
 
  대대로 내려오는 요리비법에 기초한 정갈하고 전통있는 반가(班家)음식 전문점으로 간장게장이 유명하다. 백령도 부근에서 잡히는 최고급 북방게를 7년 숙성 자연간장으로 맛을 낸 135만원(3kg)짜리 명품간장게장을 선보여 화제가 되기도 했던 이집의 간장게장은 청주 한씨 가문의 300년 비법이 담긴 맛 이라고 설명하고 있다. 간장게장 외에도 전복갈비찜, 장어구이 등이 인기 메뉴이며, 여러가지 다양한 한식 메뉴도 있다. 모든 음식은 유기중에서도 가장 질이 좋은 방자유기를 사용하여 정갈하게 담아 나온다.
 
[ 경복궁 국립민속박물관 정문에서 선재아트쪽 길, 소격동 국군수도병원 건너편 ]도로명 주소 : 서울특별시 종로구 북촌로5길 62",간장게장,"간장게장 (4만원, 5만5천원), 꽃게장비빔밥 (3만원), 양념꽃게무침 (3만2천원)",명절휴무,12:00~15:30/17:00~21:30,주차가능,가능,에피큐어평점 [A],오감평점 [0점],,02-722-9024,큰기와집,http://mini.bemeal.com/woorinim
서울특별시 종로구 사간동 109,서울특별시종로구|펍앤바|와인바,10만원이상,없음,경복궁역 5번 출구 삼청동길 입구 사간동 갤러리 현대 뒤,"두가헌 - 100년 된 전통 한옥에서 고급스럽고 운치있게 와인을 즐길 수 있는 곳.
 
  유홍준 문화재청장이 당호로 지은 '빼어난 아름다움을 간직한 집'이란 뜻의 두가헌(斗佳軒)은  갤러리 현대가 30년간 방치된 건물을 원불교로 부터 인수하고, 건축가 최욱 씨가 문화적 가치를 유지하면서도 한옥의 전통 문법을 깬 디자인으로 개조하여 갤러리 기능을 겸한 와인과 유러피안 퀴진이 가능한 프로그램으로 계획된 공간이다. Wine &amp; Art 란 컨셉으로, 전통 한옥의 공간 속에서 미술문화와 와인이 어우러진 세련미 넘치는 조합에 파인 다이닝이 가능하게 만들었다. 
 
 1910년대의 전통적인 구한발 궁중 부속 건물에서 서양의 대표적 문화인 와인을 맛볼 수 있다는 매력 외에도 고종의 후궁이었던 엄비가 생활한 100년 된 전통 한옥의 품격과 러시아식 2층 건물이 독특한 분위기를 자아내는 역사적인 장소로도 유명하다. 전통적인 멋스러움에 현대의 모던함이 가장 이상적으로 어우러진 공간으로 조용한 분위기에서 고급스럽고 운치있게 와인을 즐길 수 있다. 400여종에 이르는 와인리스트에도 놀라지만 포도의 품종별로 구분된 와인리스트가 인상적이며, 저가의 와인은 다른 와인바보다 조금 비싸고, 고가의 와인일수록 싸게 책정되어 있는 구조가 특징이다. 프랑스식이 가미된 식사메뉴가 훌륭하고, 주말데이트 장소로는 최고의 품격이라고 생각되는 장소. 2004년 개업.
 
[ 경복궁역 5번 출구 삼청동길 입구 사간동 갤러리 현대 뒤 ]도로명 주소 : 서울 종로구 삼청로 14",,"런치코스 (3만9천원, 5만8천원, 7만8천원), 디너코스 (11만8천원, 13만8천원, 15만원)",매주 일요일· 명절 휴무,12:00~14:30/18:00~22:00,주차가능,가능,에피큐어평점 [AA],오감평점 [5점],,02-3210-2100,두가헌 (斗佳軒),http://www.dugahun.com
서울특별시 종로구 팔판동 104-8,서울특별시종로구|양식|프랑스식,5~10만원,없음,삼청동길 우리은행 뒷골목,"아따블르 (A Table) - 프랑스 가정식요리를 표방하는 테이블 6개의 가정식 레스토랑. 
 
 테이블 6개의 프랑스식 가정요리를 표방하는 레스토랑으로, 김병길 오너 셰프가 매일 아침 시장에서 직접 고른 신선한 재료를 이용해 기본에 충실한 코스를 선보이고 있다. 국내에서 구할 수 있는 재료들을 그날 또는 그 계절에 맞게 메뉴를 선보이는 방식이라 메뉴 구성에 따라 개인 피드백이 달라지는 것이 흠이지만, 코스가 나올 때마다 요리의 모든 과정을 김셰프가 직접 친절히 설명해주기 때문에 방문자들의 반응이나 만족도는 높은 편이다. 
 
[ 삼청동길 우리은행 뒷골목 ]
 
도로명 주소 : 서울특별시 종로구 팔판길 29",점심코스· 저녁코스,"점심코스 (1인 4만원), 저녁코스 (1인 6만9천원)",일요일· 명절휴무,12:00~15:00/18:00~21:00,주차불가,예약제,에피큐어평점 [A],오감평점 [0점],,02-736-1048,아따블르 (A Table),
서울특별시 종로구 팔판동 100-4,서울특별시종로구|양식|프랑스식,2~4만원,없음,아 따블르에서 남쪽으로 조금 내려오면 우측,"아따블르비스 (A Table Biz) - 프랑스 남부 해산물 요리인 부야베스를 즐길 수 있는 프렌치 비스트로. 
 
이름에서 알 수 있듯이 인기있는 프렌치 레스토랑 '아 따블르'(A Table)에서 운영하는 자매점으로 아 따블르가 코스요리로만 운영되고 좀 더 격식이 있는 반면 여기는 부야베스를 중심으로 단품요리가 추가 되는 비스트로 개념이다. 프랑스 남부지방에서 많이 먹는 해산물 요리인 부야베스로 유명했던 아 미디가 문을 닫고 아 따블르란 이름으로 재 오픈했다.
 
프랑스 항구도시 마르세이유의 명물 요리인 부야베스는 감자와 콩, 토마토, 새우, 홍합, 샤프란 등 20여 가지 재료를 무쇠냄비에 넣고 끓인 국물 요리로 만드는 데 이틀 정도 걸린다. 달착지근하면서 매콤한 국물 맛이 언뜻 카레를 연상시키기도 하는데, 프랑스인들 아주 좋아하는 요리다.국내에선 유일하게 이곳에만 있는 메뉴인 카술레는 프랑스인들의 소울푸드 같은 음식으로, 프랑스산 콩과 오리 꽁피에 직접 절인 돼지고기 ‘프티 살레’ 등을 넣은 랑그독 지역의 요리. 소꼬리와 사태, 갈비 등을 여러 야채와 함께 뭉근히 끓여낸 맑은 국물 요리 ‘포 토 푸’와 니스식 샐러드, 부르고뉴식 달팽이요리, 프로방스식의 홍합 그라티네, 리옹식 양파 수프 등 다양한 프랑스의 지방 요리들을 갖추고 있다. 
 
[ 삼청동 우리은행 뒷골목 아 따블르에서 남쪽으로 조금 내려오면 우측에 위치 ] 
 
도로명 주소 : 서울특별시 종로구 삼청로5길 20",부야베스,,일요일·명절 휴무,12:00~15:00/18:30~22:30,가능하지 않음,가능,에피큐어평점 [없음],오감평점 [5점],,02-736-1049,현재폐점-아따블르비스,
서울특별시 종로구 소격동 84,서울특별시종로구|한식|면류,1만원 내외,없음,"경복궁 국립민속박물관 정문에서 선재아트쪽 길, 소격동 국군수도병원 건너편","황생가칼국수 - 만두와 보쌈이 유명한 현대식 인테리어의 칼국수집.
 
 경복궁 앞 북촌마을에 위치한 칼국수집으로, 사골육수로 만든 칼국수와 손수 빚은 왕만두, 만두가 들어간 버섯전골 그리고 보쌈이 인기 메뉴이며 평일에 방문해도 줄을 서서 기다릴 정도로 사람들이 붐빈다. 칼국수가 전문인 만큼 칼국수도 좋지만 만두와 보쌈이 더 유명한 집이다. 숙주나물, 두부, 돼지고기가 듬뿍 들어간 왕만두, 굴김치와 함께 나오는 보쌈이 일품이며, 에피큐어들의 평이 좋다. 곁반찬으로 나오는 백김치도 훌륭하다.
 
[ 경복궁 국립민속박물관 정문에서 선재아트쪽 길, 소격동 국군수도병원 건너편 ]도로명 주소 : 서울 종로구 북촌로5길 78",왕만두· 만두버섯전골· 보쌈,"사골칼국수,왕만두국, 왕만두 (각 8천원), 콩국수 (1만원), 만두전골 (1만4천원), 모듬전 (2만5천원, 3만5천원), 보쌈 (2만8천원, 3만8천원), 수육 (3만3천원, 4만3천원), 백수육 (3만8천원, 4만8천원)",명절휴무,11:00~21:30,주차가능,가능,에피큐어평점 [없음],오감평점 [0점],,02-739-6334,황생가칼국수 (구 북촌칼국수),
서울특별시 종로구 삼청동 2,서울특별시종로구|한식|일반한식,1만원 내외,없음,삼청공원을 지나 삼청동 칠보사 앞 골목,"고향보리밥 - 구석진 골목에 간판 없는 보리밥집.  삼청동 끝자락의 골목 깊숙이 위치한 20여 년 전통의 보리밥집으로, 주인 임정순 할머니의 소문난 손맛과 소박하지만 모자람 없는 상차림을 내는 곳이다. 12가지 채소가 올려진 유기그릇에 고슬하고 탱글탱글한 꽁보리밥을 넣고 된장, 고추장을 반스푼씩 넣어 쓱쓱 비벼 걸쭉한 된장찌개와 열무김치를 곁들여 먹으면 그 야말로 별미다. 해남에서 재배했다는 노란 기장밥을 섞어도 좋고, 할머니의 공력이 느껴지는 사골 우거지국을 곁들이면 정찬이 부럽지 않다. 구석진 골목에 간판도 제대로 없지만 하루 평균 100~200명의 손님이 다녀가는 보리밥집이다.  [ 삼청공원을 지나 삼청동 칠보사 앞 골목 ]도로명 주소 : 서울 종로구 삼청동 2-8",고향보리밥· 녹두전,"고향보리밥 (7천원), 녹두전, 도토리묵 (각 1만원), 북어찜 (1만5천원), 꽃게무침 (2만원)",연중무휴,11:00~21:00,주차불가,가능,에피큐어평점 [없음],오감평점 [0점],,02-720-9715,고향보리밥,
서울특별시 종로구 안국동 175-21,서울특별시종로구|한식|일반한식,1만원 내외,없음,안국역 1번 출구 풍문여고와 덕성여고 사잇길 주택가,"별궁식당 - 무주 구천동에서 생산한 우리콩으로 띄운 잘 다듬어진 청국장.
 
 1973년 부터 분식집을 운영하던 진성일, 김선옥 부부가 무주의 장모님에게서 전수받은 냄새없는 청국장으로 2001년 별궁식당을 열었다. 무주 구천동에서 생산한 우리콩으로 식당 옆 발효실에서 직접 청국장을 띄우고 국산 들깨를 곱게 빻아 베주머니에 짠 국물을 사용해 고소하고 깔끔하며 순한 맛이 특징이다. 들깨국물이 비법인 청국장은 구린 냄새가 나지 않으면서 부드럽고 고소하고 순한 맛으로 사직동의 사직분식, 신사동의 전주식당과 함께 청국장에 관한 한 인지도를 가진 집으로 자리를 잡았다. 청국장 치고는 비싼 가격대가 조금은 아쉽지만 제대로 된 청국장을 맛볼 수 있다. 된장이나 간재미회도 인기이다.
 
[ 안국역 1번 출구 풍문여고와 덕성여고 사잇길 주택가 ]도로명 주소 : 서울 종로구 윤보선길 19-16",정국장· 간재미회· 도토리묵,"청국장 (8천원), 된장찌개 (8천원), 도토리묵 (1만원), 간재미회 (2만원)",매주 일요일· 명절휴무,11:00~15:00/17:00~21:00,주차불가,가능,에피큐어평점 [A],오감평점 [5점],,02-736-2176,별궁식당,
